idnex,name,text,Trigger,Quest,StartEvent,EndEvent,OptionA,OptionB
0,민우,하... 잔고 14만 8천 원? 미치겠네 진짜…\2주 뒤면 애들이랑 여행가기로 했는데...,,,,,,
0,민우,숙소비랑 비행기 값 제하고도 최소 150은 있어야 제대로 노는데|\통장이 이 꼴이라니,,,,,,
0,민우,지금 당장 일반 카페나 편의점 알바 해봤자 주휴수당 떼고 한 달 뒤에나 들어올 테고…\하루에 10만 원씩 벌어서는 답도 안 나온다,,,,,,
0,민우,어디 당일 지급에 단기간에 큰돈 만질 수 있는 고액 알바 없나?\뭐라도 찾아보자…,,,ObjMove,,,
0,민우,어? 뭐야 이거... \[대형 유튜버 보물 찾기 리얼리티 콘텐츠 사전 현장 스태프 모집]?,,,,,,
0,민우,지정된 장소에 촬영용 캡슐 및 소품 배치| 지정 수량 소화 시 총 200만원 지급.\다음 주 완료 즉시 전액 현금 정산',,,,,,
0,민우,... 미친! 200만 원?!\잠깐| 이거 너무 꿀알바 아닌가? 보통 이런 거 사기 아닌가...?,,,,,,
0,민우,아니야| 요즘 대형 유튜버들 구독자 수백만 명씩 되니까 리얼리티 보물찾기 같은 거 많이 하잖아\소품 숨기는 거 보안 유지하려고 스태프 비공개로 쓰나 보네,,,,,,
0,민우,의심이고 나발이고 당장 200만 원이 급한데 찬밥 더운밥 가릴 때냐! 바로 지원한다!,,,,ObjMove,,
